cool	4910	stuff	1656	stuff water air place thing things breeze idea features weather way feature kids ideas people something game look drink nights day design places gadgets guy style room prizes evenings piece games colors breezes part climate photos temperature video pictures name experience designs spot story temperatures site cars whip drinks project light tools music tones days shirt waters job mornings season concept effects vibe tips gear feeling decorations bag glass box shade conditions atmosphere system morning area tricks projects factor home gadget grey head gray app summer moment bars pattern videos effect roof materials environment wind images facts company ones car	smoke oil cookies cups air cake cupcakes camera ball area sugar water	plugin dinette organ return personality cheat ordinance workshop Hoodie undertone contour Way loot Adidas Sailormars holes flavors person u works watch sweat flag foot goodies use profit formations sketch brush breezes illustration toes snakeskin shirt changes linens collide solutions gizmos electronics assessment performance junk courage bike movement bag mechanic exterior cocktails properties Saucer planes leggings control body door structures talk condition view opportunity tapestry hoardings name top stones hydration tube mints stretchy vagrants sloth header mechas atmosphere wheels office sisters signatures eggs manufactures C game exhale stickers drinks insights benefits necklace note departments manner piano print talent hands dollars photographs
cooled	55	cake	43	cake mixture cupcakes water crust tea air camera Eggplant fillet butter watwr milk capabilities beetroot ac leftover roll CCD cylinder cells array rice ball cookies area custard wort vegetables fondant slice shortbread blueberries pie sugar cupcake beers dough layers cows oil smoke cups	smoke oil cookies cups air cake cupcakes camera ball area sugar water	fillet custard beers shortbread pie CCD butter cylinder milk layers vegetables roll watwr tea cows rice array slice wort ac cells beetroot blueberries fondant dough crust Eggplant capabilities cupcake mixture leftover
warm	5500	water	1299	water welcome weather air place day atmosphere days environment feeling bath tones glow climate waters hospitality clothes temperatures months light milk colors sun fuzzies spot smile ups home sunshine room conditions cup bread night clothing oil people feel house season reception summers embrace fronts tone hug colours color wishes temperature climates breeze fire evenings shower area nights evening bed front blanket setting community towel lighting temps period drink touch tortillas memories blankets feelings something personality item space meal afternoon winter sauce mixture person manner greeting summer soup ambience finish service beverage morning time homes up smiles years socks hand approach	plate	boozer personality undertone threads Way chemistry flavors Sears person cookies sands sketch blood oils breezes center users solutions Signal add performance bag figure years solar Bath recommendation cocktails sooo groover heater dogs muffins body door 1st condition X aroma stones concrete merry species naivety teak agriculture introduction atmosphere office C game Ceremonies luxury drinks ground note sulfur lodge necklace manner hammock Put hands surrounding Arizona smoke Walnut variant shadows jog fleece wraps flame centre it¹s lead sandwich homage relations applause wafts grounds needs aspect fro tropics mystery afterthought oven pool cast milk routine cosy finishes rains boot delicious chai models
warmed	3	plate	2	plate disagreement	plate	disagreement
tight	2138	end	656	end budget spaces ends deadlines schedule muscles seal fit control space container grip deadline race budgets spots spot security lid market schedules integration areas range game corners band hands tolerances controls constraints timelines battle turns angle jeans turn area pants clothing corner containers situation rein rope frame ship junctions squeeze quarters circle contest hamstrings back feeling curls leash places harmonies conditions ball management skin leg ponytail formation radius hold network streets bends environment connections games circles collars supply curves weave supplies defence loop shot structure box clothes hamstring half restrictions group community match clusters junction hug times hips construction groups		bottom wrap knot families spreads cocoon pack holes partnership watch crowds impact turns hood formations reactivity package translucence bundle window wads gears center settings competition junction bunch bag zoom sections exterior appearance delivery control body door binning tolerances crevices bun top rhythms family radii hairpins timeline straightness observation nape game timeframe ground others surface hands you programme races edit noose quarter driveway gallop lids knots sandwich bottoms hanger copy relations problems society flights regime flows month sugar tracking twist lots pool agendas times blouse contacts tunics water walls schedule hairlines guillotine Fine corridor shoes coatings jaw spots interference roads means
tighten	0		0			
tough	3004	time	881	time times questions decision job decisions competition game task day one conditions question call year situations spot guy situation part love work challenges stains choice choices challenge battle nut boats week thing match issues test days jobs environment act defense fight team road games economy environments season problems guys race spots period sell terrain laws measures talk opponent case losses place process climb stuff start gig way assignment subject run life tasks material stance materials cookie circumstances coating years world matches skin calls restrictions glass construction loss cases shell areas pill workout luck market lesson exterior side course matchup nylon	plastic glass	outcome sheath sport scale knot medic weather winter rally making pack challenge person watch CJ paint agent calculation use drought sketch war competition vote benchmark Perez advisor sellers law workouts Table vibe exteriors core assessment battles midfielder skins friends behavior health bag emotions years sections song liberalism exterior groover chore Sophia row body structures talk opportunity crevices burl fight hairpins millionaire workplace introduction stains messes powers office wheels attraction achievement chassis ally game crud flu ground comparisons slopes Guides&apos blades manner buildup surface hands losses profile impasse races negotiator backgrounds Sonata days metal quarter SEC truck vessels hike slurries widow
toughened	9	glass	7	glass screen mirrors piping glassware ceramics plastic	plastic glass	mirrors glassware screen piping ceramics
white	12718	paper	3027	paper wine background gold sand chocolate people cells light rice flowers shirt paint space vinegar cabinets color papers beaches bread marble water wines noise flour man balance dress men sugar walls collar beach pepper matter sands wire supremacy women finish trim powder cardstock label kitchen renovation male hat beans table meat card colors glass egg base hair bedroom wood goods dining jeans oak supremacists fabric colour fish spots plastic teeth roses pants coat stripe border leather line metal lines cotton horse cloth screen room shade woman sauce wall elephant furniture pill image porcelain point socks person ones stuff bed settlers	skull roof cupboard effect jacket flour colour category	petunias aluminium institutions Republican marshmallows Shadows undercarriage threads nationalists holes person works bracts flag tiger Parisienne war ant shirt yardstick users linens j marigold babies varietals butterflies needle Cloud movement peppers exterior properties dogs muffins body convulvulus structures ethnostate condition mare top Americans stones column mints introduction appropriation walmartcom wheels office ally game latigo War coasts stickers chaise note piano PVCu premium lithium hands plaque polyethylene faceplate bugs client oolong beading races photographs swans M&Ms variant females Sonata baking washi fleece drop flame loungers centre swan racists noising closet sandstone copy relations feathering grounds substrates outs Norterridane edges storage plains
whitened	9	cupboard	9	cupboard jacket effect skull colour roof category flour doorsteps	skull roof cupboard effect jacket flour colour category	doorsteps
clear	8308	understanding	2017	understanding picture water vision waters idea message view evidence path indication skies instructions day communication goals plan glass way winner direction crystal images sky focus coat skin sign case advantage example explanation distinction manner expectations sound sense information signal voice aligners signs statement plastic set answer guidelines strategy rules days choice definition image guidance night space finish objectives line goal language table mind solution structure majority lines purpose difference window indicator leader bag need overview explanations benefits advantages process braces answers terms pictures conscience call text instruction reason shot head advice cut views link policy liquid design trend framework description	check table lot area path	return regard mate instinct web darts striations flavors template person benchmarks retainers works characteristics impact remedies tendency no parallels clue profit use Parenthood blood brush Steering illustration scanning changes center date solutions tenor foyer dangers assessment Smith pices rendering performance baubles health junk bag figure discharge surplus terrarium recommendation properties commitments heights control secretions body odds whiteness chunktype disclosure structures condition victor view door bias tutorials opportunity top burst stones laminate fundamentals channels thread fight tube spelling powder films diagram introduction scan merit atmosphere powers office panic markings catalyst horizons game observation stickers canister insights solvent email note benefits protocols
cleared	6	path	5	path lot area table check	check table lot area path	
straight	2538	line	790	line lines games year hair sets game face edge distance years win path points week answer season wins teeth leg shot hem title day days seasons victory road forward month piece man people edges time razor legs losses victories loss months cuts way hours student answers stitch section cut walls swap draw session weeks bets league start championship starts defeats quarter up fit structure blade bet match link test finish sides side bar course stairs appearances locks guys cable finishes spine paths facts arms Championship axle stem roads shooter process flush smile run championships strips posture jacket ones port hemline	edge hair	commits League thyroid conformity minutes stripes centers trees overhangs holes person kids sweat impact foot misses pole ahead surpluses peers oils bets gears center Medium pitches Cup voting skirt battles performance donations friends menu bag coders branches years bourbon sections bankruptcy song berth appearance delivery antennae openers control body mouth talk X view fraud name top HO thread avenues fight tube column scan falls peduncles jamming game coats razors nicotine number seniors girls.&apos victories piano manner blades shields Flush surface losses dowel races shooter days quarter mud truck discounts drop claws rotary centre PG recruits lead campaign quotes homage copy
straightened	6	hair	3	hair types edge	edge hair	types
weak	1531	points	721	points point spot spots demand link economy areas system data signal side growth muscles hands ones position systems performance stomach signals skills argument market activity dollar force one links correlation hand conditions government people man solution recommendation perturbation leadership prices team year foundations institutions quarter governance recovery keys tooth markets field results report branches students opponents economies condition response passwords pins power security outlook responses moment topics layers muscle defense association spark pulse start currency Conservatives state captcha nails battery orders joints men leader moments case fluorescence division ankles reports body countries credentials presence form boundaries area acid infrastructure stock	structures condition gums system government animals strands competitors systems state pound strength economy security value euro muscles side team flow areas bodies demand body leaders digestion	bottom interactions institutions personality Act rally returns person limbs impact sealant payoff fluorescence pole coffee permits forecast favourites provisions encryption competition believer solutions populations venus stomach economies core Department survive bunch bass performance friends health figure branches sections song recommendation acid appearance delivery score control force row fundamentals rhythms channels thread Check LTE stu­dents gluteals Naira mV attraction achievement signatures support game algorithm ground manner print emotion blades surface hands theory joke sense V2 batteries scientifique sentiment quarter capability hashing background guarantees der citizenship analogy infrastructure wages vessels centre predictor lead intelligence answers propositions partner glutes soups clasp enslaver girdles
weakened	98	system	54	system systems side state areas economy demand body timbers security foes competitors team tendon squad flow sites shelf euro tissue muscles Bannon cells advantages strands forces version germ strength government US leaders wavelengths ryan value animals cornea Empire digestion condition valves witness bodies Power immunity evils structures situations strain section ability pound gums cerebellum	structures condition gums system government animals strands competitors systems state pound strength economy security value euro muscles side team flow areas bodies demand body leaders digestion	foes sites shelf Empire evils germ Bannon squad valves advantages situations cornea section Power version US immunity forces ryan cells witness tissue strain cerebellum ability wavelengths tendon timbers
strength	1	beer	1	beer		beer
strengthened	38	system	31	system capacity durability position partnership shelves cooperative team utilize education wings pylons base deck form wheelchair relationship filler laws legislation sheet interrelationship Parliament section economy tube suspension bond tissue squad ESM		utilize system interrelationship suspension ESM position tube sheet pylons Parliament legislation filler relationship squad team section form wings capacity durability partnership tissue education base laws shelves bond economy cooperative deck wheelchair
soft	6130	cushions	1735	cushions drinks tissue skills spot drink tissues fabric cloth material touch feel texture furnishings brush cotton leather peaks skin dough top light cover toys shell colors finish surface materials color tabs injuries glow water bed foam landing play cheese lining corals music reset launch blanket power toy case lighting tannins tones grass toothbrush hand side voice sponge palate waves spots bristles copy fruit ground headboard hair blend plastic wood fabrics snow market sand grey mattress keys velvet design suede bag lips towel seat hands focus shoes grip look pillow fleece dome serve bread close wool coat start yarn jersey quality	butter plastic movement seeds version cheese fruit appearance sugar material water	vegetable focaccia fillet scale Cool threads curette trees reboots chemistry scroll beauty malty agrumes(grapefruit person Islam works impact foot flex cookies sands skillsWhile Tzik oils brush breezes paste changes shirt believer platform linens center headphones euro rendering performance health bag Box exterior properties delivery sooo control body door mouth disclosure structures condition palettes X aroma landing tutorials top stones thread sculptures powder viscose lull Trowel wheels atmosphere eggs tissues Scarf drinks ground note necklace hardness handwashing fillers piano perfusion hammock manner print blades hands mechanics paisley tails hikes capsules balls rocker Testing shadows studies plastics marterial ceramic scratch couches Grinch
softened	30	butter	14	butter cheese rosehips material version movement noodles water gelatine appearance plastic sugar seeds fruit	butter plastic movement seeds version cheese fruit appearance sugar material water	rosehips noodles gelatine
dirty	985	work	444	work dishes water laundry clothes hands filter money word job diapers carpet tricks secret secrets looks windows air look diaper jokes streets bomb grout floors socks filters martinis carpets building business dozen copy rice house ducts clothing book war surroundings man piles sensor system surface linen parts politics player pots fuel electricity data shirt spots surfaces rugs conditions martini talk joke rag floor gutters beam buffers kitchen blower coils contacts cars energy hack areas gear roof dealing stylus bowl dealings creatures hit cup moves scum window systems grandpa play nature hits plates bags cop environment oil paper glasses campaigns mirror		bottom queen Robinson beds skies suite weather blanket seats making gold holes condominium MAN person diaper foot utilities slash shelves Bentley chords waters war oils window tub pollution ect trading shirt noise work rag cop villagers politics bunch files canvas ashes establishment bag comics bowl Something sections grandpa yard appearance tricksters filter windpipes hole air lobbyist pages goo talk job snowball tank rags concrete column machinery systems bomb Windows habits slides coloring Spirit bed wheels eggs tissues amp thunderstorm game linen ground images wars brass mattresses surface hands pic houses dollars humor joke something Stone electricity sense deal balls secrets
dirtied	1	grouting	1	grouting		grouting
deep	7477	breath	1960	breath understanding water knowledge sea learning dive sleep breaths end experience love cleaning roots sense pockets tissue connection breathing appreciation relaxation expertise interest level dish color commitment discounts space insight waters cuts meaning voice snow massage fryer respect red analysis thought ocean insights relationships depression concern impression passion bass valleys house hole state freeze desire purple links trouble south connections blue brown wrinkles clean colour fry cleansing valley sadness faith wounds sky conversations pan gratitude cut networks feeling meditation affection inches cleanse need discount groove exploration crisis impact research pool dives linking questions history relationship background layers technology thoughts conversation	appreciation cooperation relationships impact engagement learning	herself smolder organ wound personality regard lyrics marginalization web library compersion trees holes flavors beauty u staining singer characteristics agent foot utilities use blood brush changes believer wish platform center nap pour j enquiry ambiguities saute sinkage intentionality processing partnerships texture?Scientist fake performance sankalpa discharge movement fryers wounds commitments conditioners revealation body door necessity disclosure structures condition X view despair aroma burst name top channels croon monitoring taproots hydration tube atmospheres thread powder bomb surrender scan atmosphere messes panic tissues resolve groves game clearance insights lagoon ground note talent emotion proximity hands swoosh profile drilling client losses contracts meats balls
deepen	8	relationships	7	relationships appreciation cooperation impact dialogue engagement learning	appreciation cooperation relationships impact engagement learning	dialogue
black	12216	pepper	3240	pepper hole box market people wire beans man holes color hair tea leather metal men belt screen dress magic background community finish olives women glass ink woman paint hat plastic bear line powder lines bag cherry bean students sand steel tie frame spots cat shirt switch mold rice version pants granite bears coffee fruit smoke film one colour eye velvet gold colors cap image silver jack teas jeans boots light grey eyes door photos water vinyl cover stripes shoes coat table pen diamond carbon suit person rug marble wall bedroom cherries card children dial fabric ones lace car base friday		anomalies boulders aluminium developer glide clamshell cohosh Rover scroll soot holes Universal beauty person angus template gun works M50xBK flag flavors no fawn Outlook flex ergo ant elf shirt nanocomposite plague users date ingrediënts filmmaker babies figure movement patient Box cellulose moleskin peppers exterior capstone idol dogs force control body Dile structures view Angle top Americans stones column moustache BTUs blotches caudal Dane wheels office hawks stickers pulses growths polyethylene hands plaque medick faceplate profile google bugs contracts necktie photographs swans chute variant couches quarter heaven fleece ooze cape drop shares growler centre marketers swan lead racists ppl detector calipers
blackened	0		0			
wide	14809	range	1642	range variety selection array receiver web spectrum area assortment network choice angle audience world receivers lens field base spaces margin space scope collection number coverage experience gamut diversity spread band screen feet support eyes straps measures net use distribution appeal areas gap application road body panels knowledge angles view scale margins paths acceptance portfolio variation leg format circle streets opening breadth size expanse belt varieties shot floors berth doors adoption smile beaches shots mouth m mm inches side availability pool ranges recognition set readership lenses options design path community foot product bands tooth house discretion line platform strips track flooring	view sidewalks area hole eye blade ends eyes stretch slot access section door	wake stiles surveys return scale enterprise glide spreads variability varity vibrato web library impact foot cookies use puller lockups assessments brush changes online center platform varies j pin‑downs diversity processing balconies performance professionals movement branches years zoom delivery Bluetooth body mouth talk X ft landing floodplain identities top channels column reaching header gambling powers wheels office attraction koala game insights email lagoon benefits nothingness jumper slopes scanner print fillers blades talent hands diversification profile tsetse distribution chute shadows studies transformations fleet webbular tags driveway sidewalk cupboard seascapes wraps sandwich campaign closet universe shoulder pocket draw applause partner needs outs aspect
widened	21	area	19	area eyes level section hole scars shoulder-- access portions ends stretch eye view blade door sidewalks accessibility slot pronotum	view sidewalks area hole eye blade ends eyes stretch slot access section door	pronotum accessibility portions level shoulder-- scars
red	9375	wine	2365	wine carpet light cells flag flags tape pepper meat color onion peppers card line wines roses hair onions velvet brick fruit lights berries colour eyes lines zone sauce fruits button paint flakes colors chilli ribbon lipstick clay flowers leather orange door shirt eye states lip seal lips beans ink herring cards stripes tea dot LED planet rice powder herrings deer pill X dress grapes microfiber bean hat top bricks snapper tops box tones ones dots background soil cedar berry wire sofa star shoes gold band shirts potatoes chile skin cloth apple currant tone circle paper grape food leaves vinegar cell	gums base nose skin eyes	checkmark aluminium marshmallows contour tartan flavors beauty person works bracts flag connotes Terms anthers Convert ant bundle emergency Shoes Honda toes shirt varietals display(yellow butterflies octopuses needle bike figure peppers exterior herring dogs control body florets rooftop condition Caps mare top stones buckle column mints aphids blotches slaw hawks wheels streaking game clearance extremity stickers note Lancer premium hands poultry M&Ms divots C. portico sashes fleece cape drop flame centre lead supergiant lumps sandstone symbolise calipers radiation edges storage mineral cutting loafers squirrel milk buttons teddy SS boot delicious river biker puffs walls church start winking straps bulbs corridor Liverbird
reddened	5	nose	5	nose skin base gums eyes	gums base nose skin eyes	
sweet	5648	potatoes	1720	potatoes spot tooth potato treat treats sauce taste flavor something girl friend boy fries wine corn scent tea home smell time peppers notes story baby finish aroma shop oil tones memories deal fruit flavour heart lady things comment peas fragrance smile note card words man sound flavors face bread stuff memory dishes basil fruits recipes voice dog idea day dish dessert guy moments chips thing cards way dreams cake vanilla image combination husband flavours snack girls post faces pie side family foods biscuits surprise honey recipe message love shades friends piece pea casserole food nothings deals butter anything sugar music	chestnuts milk cream beverages tea rice	plugin stache vegetable Marty personality latkes sprinkles buttercup Grace spreads undertone hiding bloggers threads hookers trees chemistry flavors beauty person singer characteristics goodies cookies Daisy bundle oils breezes paste babers delicacy toes shirt center tenor gnocchi venus Medium cocktail bowtie babies Pindsvin J5 nothings Sarabeth villagers butterflies XP purchasing Matthew bike bag boler Figs torment alfalfa peppers delivery stipplers village dogs watermelon groovez sis mouth talk opportunity ness mare aroma sec name puree powder bomb surrender relish sisters atmosphere groves coexistence stickers drinks benefits necklace note newborn print Luxardo naughty Dream profile tails programme fairy balls miasma Brix sadness baking
sweetened	13	milk	9	milk sago tea cream chestnuts cereals rice whisky beverages	chestnuts milk cream beverages tea rice	cereals whisky sago
clean	5072	water	1434	water energy lines air environment look design sheet slate room cloth home clothes rooms bathroom house finish sweep place surface record sheets install carpets cut skin interface condition power removal ups space sound way break face car hands fun source scent technology towel code bill style future sets area facilities surfaces kitchen appearance hotel line technologies bowl glass windows eating chit Soft title smell copy edge service sources state process food towels outs rag vocals dishes products vehicle solution system everything fluid filter conditions bed experience theme facility ingredients interior electricity user taste sand tech teeth carpet laundry data feeling		lyrics Cool PEVs soot holes beauty flavors person characteristics agent firewood utilities use freshwater brush ect changes shirt Joins platform linens date center rainwater solutions PR restart eating babies performance health junk bike bag solar zoom recommendation exterior wounds delivery village dogs control body acquisition palettes mouth condition opportunity swab view aroma name channels fabrication Covers fight tube powder agriculture scan backflip atmosphere wheels office washroom financials game insights topology Carfax ground note Limos manner print rinses house” Lancer hands plastic Dream profile client joke meats mechanics smoke licence races balls batteries disk acrobat cue Function boosts driveway vessels growlers
cleaned	3	bronze	3	bronze Toyota coin		bronze Toyota coin
short	16874	term	2247	term time period walk story stories distance drive nothing film video notice films list while amount answer break trip article sale form hair span supply years periods stroll run videos space life months ride description order distances fiction version courses post circuit lifespan weeks course sales sleeve hairstyles cuts stay length sleeves history book duration work cut clip piece range haircuts introduction bursts breaks survey message presentation game visit hike essay quotes flight journey end tour trips articles repeats review one season clips side summary note section minutes speech day ribs sentences days documentary stop positions session spans stint week	forms terms season day URL	surveys return travelogue workshop template person works dossier CAD selling foot agent spurt war bundle DOCUMENT_POSITION_PRECEDING shirt date users advisor nap residency workouts staying essays needle bike movement years recommendation dogs control force body odds talk condition view tutorials hymn pause succession shrift delegates introduction notations peduncles horizons game descriptor note pulses dinghy quotation hands profile losses contracts Gibson races hikes workshops Dads fissures restatement quarter driveway guidebooks drop shares lead gigs duet supply.12 campaign pasterns quotes module copy Tatt sprinting portage modules edges storage cutting polarity desperation CDATA_SECTION_NODE covering routine Mom inquiry to term walls lesson fellow passes nights
shortened	7	forms	7	forms approaches S5 day URL terms season	forms terms season day URL	approaches S5
sharp	2028	knife	739	knife edges contrast objects increase edge focus end drop corners rise decline teeth pain lines turn eye images blade wit fall cheddar point claws blades scissors angles increases eyes cheese object mind criticism image turns points relief curve knives right sense angle decrease colors spike rocks stick pains declines blows skills photos look tools bend uptick ball peaks finish fangs vision break ones screen scraper sound design rock distinction tip graphics performance axe cut bends sword taste reduction changes minds curves pieces fluctuations handling items things spear intake shot crease noises details needle something ridges breath reversal nails boundary humor	stick	reasoning magnification personality return fangs enterprise lyrics swell scale Hoodie topcoat rally darts flavors beauty snore fencing steepening turns spurt exclamation package oak war burr speculations changes shirt date solutions dialogue technique skirt performance trendline needle branches tv YoY rrcser wedding wounds essence appearance delivery 1080P SoHo structures view crevices top stones monitoring fight hairpins detective tube strategist wheels signatures observation razors luxury insights note protocols brilliance blades piano brains breathes reversal surface kit losses humor sense auger bumper photographs shooter shadows sparkle metal Poetry swings cheekbones quarter outlines creases drop claws cutaway discounts machine hike velvety axes intelligence copy
sharpened	1	stick	1	stick	stick	
dry	4858	skin	1260	skin ingredients season cleaning hair place mouth conditions eye food weather weight land air scalp fruits cloth goods eyes matter cleaners areas patches ice services shampoo mix ground climate powder soil hands spell wood time day material storage dock cough climates wine area clothes process wall mixture towel heat days brush run leaves spots summers pack foods environment syndrome side symptoms method drowning finish formula summer grass pan wash seasons feet months rot periods location sauna cleaner milk needling brushing yeast bones lips bed baths times fly sand herb fruit markers spells rub marker erase surface board wit seeds kibble	chili heads ginger mint storage leaves herbs flowers beans fruits figs vegetables blood tea yeast fruit basis food mixture spots oregano things noodles leaf air fish	scale trees heat.åÊSize person tsp bracts firewood use brush oils paste melting shirt center solutions hire processing sweetness performance bag figure years patient pump delivery control body mouth structures condition aroma laminate landing top fractionation Astoria concrete fabrication hydration refrigerators powder atmosphere office racetrack tissues game crackers calluses stickers ground note protocols slopes manner hands riesling joke flick secrets batteries cattle manufacturers claws vessels etch module garbage copy problems placers well Type crunchiness grounds needs plain outs notice textbook plains mineral undies Marsh symptoms squirrel milk routine cast baptism finishes dentist catnip January river tumble walls start gorge raining nights
dried	79	fruit	45	fruit flowers cherries beans leaves ginger prunes fish yeast mint cranberries chili rings tomatoes oregano mushroom figs vegetables variant blueberries flakes leaf blood things chickpeas noodles roses hops fruits mixture plankton food broccoli shells air herbs peppermint basis seasonings meats storage heads berries tea spots	chili heads ginger mint storage leaves herbs flowers beans fruits figs vegetables blood tea yeast fruit basis food mixture spots oregano things noodles leaf air fish	rings peppermint cherries flakes berries seasonings plankton prunes meats cranberries variant tomatoes blueberries broccoli shells mushroom roses hops chickpeas
smooth	3275	transition	1061	transition surface finish ride operation experience texture sailing surfaces process skin paste flow running consistency muscle pulley cells functioning leather operations hair taste transitions transaction movement vocals performance motion action appearance feel batter gameplay cream look start lines edges side corners way implementation path transfer dough control feet top layer jazz move style manner curve powertrain results design journey tannins installation acceleration edge base site website touch sauce voice integration mixture stones fabric line riding response muscles contours rides sale mouthfeel ball power shifts face cut ceilings drive walls execution feeling fit smoke solutions tone body floor delivery job stroke	boulders functions system data version concrete skin piece function	parquet pouring aluminium return scale enterprise glide undertone contour flavors characteristics selling flex flag cookies foot use transference brush Radio paste changes solutions monogram parking processing sweetness performance rendering purchasing trainer bag movement branches pump zoom exterior delivery dogs control body door mouth acquisition talk condition aroma landing gradients top stones fabrication succession column hydration powder wheels streaming game handoff clearance drinks handover note lotus slopes manner blades jumper hands plastic ease gin profile smoke rocker distribution shadows disk swim powertrain rotor velvety plast dimming draw flows outs visitation edges buttons routine animation finishes river walls complete start straps mirror
smoothed	13	data	10	data version boulders piece concrete forehead function functions system skin	boulders functions system data version concrete skin piece function	forehead
long	29553	time	3254	time term way run history period list day distance life periods hours weekend journey line hair haul distances process range career trip days lines sleeves while walk tradition drive road story shot years wait sleeve tail relationship experience walks trips ride record battle flight jump finish winter stretch runs night game break form times use months stretches relationships series journeys season exposure week table ways duration beach post positions chain pants legs side piece view queues ball string tables grass length nights strips summer rides illness stay association absence service flights care weekends lives hike climb look sessions neck struggle	match answers intervention cycle deadlines periods form	exhales surveys institutions groundswell return workshop adter threads featurin holes beauty works gun impact foot freshwater war bundle delicacy toes shirt date platform affiliations nap shotâ€ workouts Mural CDs partnerships essays rendering needle health bike movement years patient carries zoom cellulose peppers isoforms dogs control body odds florets mazes talk condition view top pause succession column moustache introduction office achievement attraction horizons game War exhale clearance coasts luxury ans note rinses lurk fingernails contracts Predator client programme hikes races batteries workshops baking capability audition driveway claws drop logfiles Hangups shares centre pedigrees lead cloaks campaign stopping tentacle quotes balayage honeymoon
lengthened	9	periods	8	periods answers intervention shield form match deadlines cycle	match answers intervention cycle deadlines periods form	shield
hard	10889	work	1424	work drive time disk drives copy way times water part rock surface day look questions surfaces thing copies wood task sell line disks shell plastic cover things worker life reset case hat decision feelings evidence cash rules floors labor place facts job cider decisions science data truth stuff money question floor fork days use liquor working one ground hats road rule edges training numbers choices currency lesson cheese problem problems court labour material woods parts inquiry materials check maple skills choice truths Brexit fan skin workers knocks shoulder places courts drugs sciences graft limit reality disc landing candy week lines	hearts heart system parts cholesterol stains wheels part look plates type windows glass surface materials man matter sauce muscles blade aluminum lump steel steels map finish deposits	institutions developer buyer tostata Chiefs scale families pencils wrestle hiding darts trees determinism afterall anions flavors beauty person works gun singer selling impact repeats no earn cookies use profit reselling war brush part- center date dosent solutions resins shutdowns Brexiteers workouts Medium idle instant ratings nike pucks professionals figure years patient exterior sooo control Pennsylvania body force necessity structures condition Wallet X devotees landing slog- top Tastes stones concrete profen fight species artery errand Passage gambling atmosphere office eggs tissues game puncher ground hands plastic dollars losses capsules races rocker balls shadows plastics disk swim charger sidecases claws endpoints campaign
hardened	87	steel	62	steel criminals cholesterol system parts soldiers deposits steels windows glass finish torment criminal heart soul cutter hearts coders materials profile believers smoker likelihood surface sleeve stains man shaft germanium look experts negotiators pin glue shackle aluminum warriors tycoons muscles ex plaster map MDF plates ash pro sauce cylinder distribution arteries matter type caramel reader shelters tubes blade phlegm part lump barrier wheels	hearts heart system parts cholesterol stains wheels part look plates type windows glass surface materials man matter sauce muscles blade aluminum lump steel steels map finish deposits	barrier sleeve plaster reader experts criminals ash shackle ex cylinder negotiators pin smoker cutter soul believers germanium shaft arteries phlegm profile criminal distribution MDF warriors tubes likelihood shelters coders tycoons glue torment pro soldiers caramel
large	32747	number	5153	number amount scale bowl part amounts area numbers size room selection companies group variety groups quantities portion windows areas range pot projects percentage pan corporations family company pool collection volumes kitchen space screen capacity extent businesses proportion files volume deck skillet majority quantity cities rooms population garden organizations saucepan table sums piece base project tree community role window events network lot bedroom enterprises audience format bag parts house sum items crowd city trees bedrooms island display terrace closet pieces inventory database degree firms chunks sets chunk dumpster team spaces sizes yard body home families building bathroom investment business images container	box heart view space edition scale bay photograph opportunities reproduction image coalition bed form portion look showroom breasts picture group membership circumference experience vents place images veins cavity aorta spoiler room access details section size surface regions photo version plate parking panel d kitchen opening versions pores scales area capital charm tumors eye object university	boulders contingency institutions return enterprise outcrop workshop scroll holes template person gun impact agent flag utilities adenoma war emergency breezes elf lubricator explosions Farmstand foyer pour parrots partnerships essays electronics bike years zoom Box workforces capstone properties cult chore bonsai odds florets acquisition idols stones repertoires buckle moustache blotches wheels infrastructures groves C game calluses cleat ruminants stickers canister bugs contracts client profile programme Marketplace capsules lockup photographs variant chute raccoon trampoline kababs manufacturers charger driveway isopod discounts roasts drop shares growler centre Store retrace inn campaign rigs monuments closet garbage detector calipers problems reduce well flows grounds needs outs
enlarged	144	prostate	86	prostate view pores version image portion scale edition veins EU node regions sinuses spleen Union heart aorta section erythema panel gastrojejunostomy delaybetween frenulum photograph treatment form access size bed tonsils ventricle showroom scales Principality space experience room d terminus spoiler breasts Togeno airbase place ventricles university details versions tooth coalition turbinates opportunities surface membership vasculature box follicles abdomen stomach organs liver portico eye claw guard area images bay kitchen woodlawn object tumors charm cavity opening vents reproduction plate photo picture circumference look capital parking group callusses	box heart view space edition scale bay photograph opportunities reproduction image coalition bed form portion look showroom breasts picture group membership circumference experience vents place images veins cavity aorta spoiler room access details section size surface regions photo version plate parking panel d kitchen opening versions pores scales area capital charm tumors eye object university	Togeno liver terminus node organs gastrojejunostomy vasculature Principality callusses frenulum treatment turbinates woodlawn ventricles delaybetween sinuses airbase claw guard stomach Union ventricle prostate tonsils follicles EU abdomen portico tooth spleen erythema
