word, count, top, head_count, heads, texts
chopped,893,onion,228,onion onions tomatoes parsley garlic leaves nuts walnuts cilantro vegetables pecans tomato almonds herbs basil ginger pistachios peanuts chocolate pepper coriander spinach chives rosemary mushrooms chicken pieces carrots liver veggies bacon fruit salad cucumber eggs apples mint dill celery hazelnuts cups dates potatoes cabbage avocado carrot cherries Oreos scallion shallot scallions shallots olives raisins sage peppers cauliflower zucchini egg strawberries romaine apricots herring ham chillies piece beans broccoli capsicum chestnuts stems greens root sausage leek straw pear flesh jalapenos chilli pears cookies figs steak veg potato fruits chilies mango Beans mushroom capers okra tongue Chives Tomatoes radishes dandelion feta doubt,
withered,45,hand,35,hand man tree leaves elder training tips streets ones cusp skin flowers oak goblins green skeletons grapes device lengths lake bodies twigs cadaver sources ower desolation life mindset heart hearts hands roommates fellow thing weeds,
snapped,66,pictures,56,pictures photo streak image loss win connector leaves something walk cracked accolades axle photos girth bracket ends images look billboard plunge damaged direction explosion tool route kitchen view test system leaf release mech selfie tipster picture dog killer shots replacement buttons kg holes handle has selfies items moment packages cables packs victory head position springs placket,
fallen,663,tree,358,tree trees leaves world heroes soldiers angels snow time man officers fact men nature wood soldier angel branches comrades brothers logs leaf reason friends families officer humanity fruit timber people ones price tabernacle broken books area amount soul design husband ally point trunk friend hair member feelings kingdoms women person church stone arches trap towers comrade support king oak businesses mast areas place work leader sons woman house limb one team creatures error funeral sister life thing branch size music brands selves seeds ceiling chest win impact star tent hole companies present reminder cities indicators warlord ground corn projects coverage,
frozen,1484,yogurt,609,yogurt foods food fruit drinks pipes meat vegetables cubes bananas treats products lake spinach meals shoulder peas dough blueberries fruits treat sections pizza desserts ground items corn grapes lakes veggies dinners water rolls chicken embryos berries section dessert waterfalls ice state slices sperm moment margarita ones product turkey raspberries rice concoctions banana waffles landscape options mummies goods soil wastes yoghurt fish pack dinner herbs margaritas pages time aisle river shop meatballs world breasts entrees shrimp ponds coil beans custard ingredients cherries company pastry strawberries patties sectioning kind pipe fillets batch wrappers fries cake juice wonderland coffee stock pond packs sandwiches,
dropped,526,calls,404,calls bombs kerb ball items . bomb boards price reason students day shoulder levels waist names nights one class time area frames games axle pattern set spindles friend book people minute place objects ring ceiling house commands prices date utensils part armhole catch players signals course expectancy NOTE idea reasons moment rates trailer test points equipment floor woman gallon range line percentage trailers piece loss fly fact fruit way comment Note camera jaws cone speed sprain piano cookie link times debt event centre boat plan mishap affair nightmare feeling provider pm number film prevention issues object bills bit wallet counts,
wilted,29,spinach,15,spinach leaves lettuce rose plants tips leaf chard vegetables part ramps bouquet greens bowl ink,
fried,1292,chicken,368,chicken roll rice foods egg potatoes food onions tomatoes fish eggs plantains noodles meat pickles mushrooms shallots shrimp chips recipe skin tofu bananas balls pies sandwich calamari onion recipes cheese pork stir cauliflower snacks breast steak capers mozzarella things pieces rings okra noodle bread dishes dumplings dough plantain catfish cod dish mushroom flour trout baked turkey oysters clams wings crab patties steaks squid tomato products vegetables leaves beans banana wontons shell seeds thing strips bacon trotter prawns salad combo cream seafood oyster boiled snapper sauce squash Fries version hash garlic yucca olives doughnut rolls steamed crickets taste eggplant veggies rabbit,
cracked,412,pepper,207,pepper skin tooth digitizer heels windshield broken screen screens teeth software walls tiles version lips conch glass shells wall plugs plugin Suite pieces hands corn feet windshields windows paint furniture items repair rib effect programs appearance panel peppercorns windscreen look concrete part leather Store Download denture chilli eggs split versions member equipment pipes surfaces case molar drywall generations clay chocolate finder barley slat v2 foundation pools climate protection jacket tops -worn chain-stay copy practitioners lid grits insulators games DVD vase track slabs leak toilet exchanger years time exchanges usage set tubing needs cracks -canes moment branches pothole date water level,
raised,2332,issues,904,issues money beds funds concerns questions bed Funds question issue Money area amount points platform footrest garden monies proceeds concern levels panel point fact deck children niche plans problems gardens surface people dollar capital objections eyebrows cattle ceiling floor eyebrow awareness door time box animals beef price dots mother areas funding chickens woman lettering raised topics meats campaign letters man lines kit section donations bar ranch child line bands lip matters spots company rest panels ones pigs problem one daughter speed success Issues site arms position organization grain revenue plaque bumps challenges event rates boy hand pattern voices food house,
drowned,48,man,36,man girl rat boy child people farmers sailors children ocean refugees appearance dogs crushed town law city bats student women west curry fisherman UFOs garden villages hit world lake head chips danger sea valley son baptisms,
destroyed,450,fire,332,fire homes houses buildings home fires city works property lives records killed virus risk cells eruption actions cities areas bridges tower pieces centre people house fact data 9th church storm damage planets towns idea one villages materials system events way production accident attack man kingdom object cathedral refineries targets terrorists tanks stub evidence group thing value site items room bomb communities world hall midst plant machines wallpaper plastic ly built original construction lobby opening automobiles residence planet Wallet understanding crisis story building shot country present stockpile storefronts rivalries settlement rainforests compound boulder wrecks survivors days devices tables dwellings notebook nests,
shattered,128,glass,99,glass windows dreams dream tree lives pieces life fragments . tiles ups–was barrier memories countries communities addition hope trees socket sconce idyll coupon one rainfall people mind playouts thoughts marks windscreens habitats bone sets device convention events arm jaw album mindset cup future mean economies door hopes windscreen shell family windshield talent sense sensors demonstration peoples illusions boat city wing hand world spread house masonry structure entries face past fallen lands doors cathedral point promises context goggles mask expectations technique students plane body vase machines screens ruins rookie sharpness bottles four-cube altar ankle confidence lifestyle bullet decision sounds leg,
ascended,25,name,24,name official keynotes master messengers level masters rung Answer hurry climb disappointment odyssey one worlds dominance selves victims stuff postmodernism tribute beings empire story,
decreased,875,level,422,level standard levels expression risk activity costs production Violations function increased revenue ability survival volume rate output rates time appetite cost pain quality capacity vision . flow performance density demand productivity sales funds turnover prices connectivity range pressure intake strength effectiveness expense chance resistance libido acceleration absorption expenses T3 need value efficiency use likelihood loss acuity products consumption weight funding assets score baseline expenditure tone latency inflammation satisfaction reserve oxygenation amounts benefits cooldown mobility efficacy amplitude sale crashes cholesterol clearance circulation oxidation debt sunlight body growth competition end imports exposure thickness quantity needs regions requirement scores sensation precipitation increase pH,
cooked,1253,food,479,food meals rice chicken meat meal dishes vegetables pasta bacon foods potatoes breakfast meats spinach dinner fish veggies peas items quinoa breast steak sauce chickpeas pieces dish vegetable curry salmon beans lamb tomatoes mushrooms lentils noodles onions breakfasts recipes chips beef cuisine mixture greens apples sausage feast cauliflower recipe ham turkey eggs fact broccoli ribs fruit lunch stew bread egg spaghetti way agave dessert bones oatmeal menu options squash grain herbs peppers cheese bananas slices pot fries ingredients cooked grains ground macaroni shrimp gram cubes biryani prawn potato time box raw pork curries things corn steaks couscous cakes crust millet,
steamed,255,rice,82,rice vegetables milk beans dumplings broccoli buns fish cauliflower veggies pudding asparagus peas bun carrots clams crabs cakes tofu potatoes boiled zucchini mussels cake meat cattle livestock sum curing pots potato vermicelli bread strips food amount florets pot veg planks tomatoes greens date rolls garden had egg veggie oysters idllis beef dumpling delicacy carpets puddings cooking skin tortillas fan squash pumpkin casings chicken chocolate half spinach serving snapper electricity flavor machine meals vanilla blanket vegetable cooked legs times raw artichoke . prefer,
sprouted,181,flour,49,flour flours grains bread seeds seed recipe breads lentils protein wheat toast beans phenomena form peas roots brown man legends surface items option rolls corn floor love pillow …. treats garlic ones guys mansions legumes memorial plant bioSnacky germinated land broccoli signage armies fibers Thread earth violet options issues,
rusted,55,steel,45,steel parts lock iron tools metal surfaces trunks rivets machines hinges padlock cowbell plows skin mass tracks areas crates bike shards frame ones tin shut disc wire pipes covered points rockets removal door nuts times hubcap screws trucks keys walls piping products options roofing skeletons,
entered,914,information,518,information data time agreement contracts contract agreements judgment moment way address number terms name transactions fact values text order team details word law password letters students players judge party companies decision persons code day value person transaction orders man cars prices arrangements work Agreement children results treaty state date fish men Information Data student group system jurisdiction parents names category cry place individuals location visitors list dates heart cases post theme junior company Contract content position horse partnership minute parameters woman words client face Note steps images phrase codes search es key car countries blessing Undertakings ways leader award items,
increased,7076,risk,1801,risk demand costs levels productivity efficiency activity rate use pressure number awareness competition rates sales traffic production value capacity level cost revenue focus performance sensitivity interest prices access investment flexibility visibility opportunities security spending demands funding expression flow numbers attention amount time damage risks satisfaction chance need confidence volume exposure power consumption likelihood strength ability speed resistance intake control frequency comfort engagement stability circulation safety volumes protection usage mortality durability understanding incidence content growth energy income pain efforts profits knowledge density emphasis . support span complexity sense revenues concentration temperature debt presence requirements mobility amounts availability coverage size involvement role,
bloomed,14,flowers,13,flowers story version sunflower lotus rose flower handful mustard tones friendships trees boxes,
declined,112,time,98,time fact committee sources costs prices sign areas offer repairs increased groups product success president scene accounts worker indicates orders growth sentence population result populations debt turnout professor companies cities competition educator loser group scientist people margins law transaction card decrease clients choices REITs insider official troops payments colleagues download vicar-general stock dispersion businesses earnings emits wonder plans capital cases charges evidence service attendant forefront reasons expenses smoking shares increase position chieftain stem total representative party instructions productivity fire reviewer proportion constitution insiders recommendations client ways quality contrast possibility risk suprising consultant scenario mission fell surprise claims securities,
flowered,43,varieties,37,varieties species wallpaper type strains pattern gardens lily concept dresses ones collection dress buds pottery headbands genre growth suit gladioli antiques game dahlias dahlia plant balconies terraces shirt beauties waistbands bouquet mum arches hybrid puya one layer,
broken,2692,heart,1094,heart bones glass links leg record system pieces pipes bone hearts arm link tooth promises windows springs spring relationships window ribs nose teeth piece man screen lines world ankle Display locks parts line capillaries relationship one items lock boiler part pipe equipment foot hand tiles process wrist fittings things body skin machine home key time door collarbone promise arms people down extraction event furniture jaw clock lives car ones branches keys cables homes neck dreams sleep toe product back wire way ground systems phone doors pelvis records ends cable toilet mirror appliances cracked pots area rib pages cars person service,
ruined,176,city,141,city castle buildings building state lives structure one cellar walls look parts world roofs property church wedding remains tower muscles game houses wall intervals house drywall men keys celebration seals spice aspect fault interruption cabin teeth campsite future slope price Thanks priest Home fan investments point floors ships families schools castles grave cairn organism person box cap robe nave fences tenements hab-block sector mistakes sanctuary farmers architecture landscapes body civilizations day hulk painting kingdom chocolate tyre gutters hopes entrance land sight half cities choirs town fortifications bastions temple tables disc cameras reputations issue monuments guy act anger replacement capital terrain,
wrinkled,56,skin,43,skin face leaves hands boxes tiebout badlands leather grey arteries materials pads skins velvet clothes beltline saggy man potatoes professor finger neck roast garments lemon highlander cheroot woman piece area look breed mess cheeks nose shirts bill manner pants fruit guy blouses bacon,
fermented,265,foods,128,foods wines beverages beverage soy vegetables Extract tea food milk juice bran wine blend paste beer sauerkraut beans cabbage product drink pickles mash products extract beers fruit drinks goodies fruits fish cow dough alcohol cereals material mare sausages grapes cuveees breads tank goods herring mix concoctions bamboo Malbec blueberries slaw flour tofu substrate scents lunch sausage ingredient ingredients cauliflower portulaca dairy raw oil ripeness sauce foodstuffs ​ patty meat glucose -sausage skin . cake potatoes Kombucha protein Saison galactomytes egg applications worts yeasts yeast part juices contents pastes steel barrel attractants walkway sugars batter sugar cheese strained feedstock sweeteners crops,
crushed,630,stone,292,stone garlic pepper ice rock tomatoes cookies biscuits nuts peanuts pulp pineapple concrete ore leaves stones rocks gravel flakes potatoes materials material glass sand Oreos ginger supplier clove crumbs aggregate almonds asphalt canes fruits chips cloves manufacturers seed shells limestone products toe peppermint seeds quartz paprika peppers wheat design man person wall layer lime pieces powder prices calculator hazelnuts dust pipes strawberries broken balls candy sales crystal cakes crackers peppercorns berries granite graphite areas driveway ground processing delhi coconut method site fear structures cups maize contents porcelain Greens oil sauce bed nettle parameters pitch mulch trials soup plaza endured uprising,
folded,359,hands,209,hands edge arms seats tops piece sofas blanket card paper sheet cards towel clothes cubes top edges size notes bills pieces length art end corner pane style wings napkin frame laundry paths position cm pages leaf design facilities form clutch section sides chair items tissue shapes chairs time umbrella helix canvas insert parts cloth right halves thong sandwiches cardboard fabric way booms m sticks fan pass kleenex need dress bud newspaper wing mousse hours petals service seatbacks creases feathers strand mat surface structure application features mind sweaters charge rectangle sacks skins bag empire wall gift boxes shirts suitcase shabti vanilla,
tarnished,38,reputation,30,reputation image bathtub baseboards silver aspire rapture plate platter jewelry medallion standard food situations time beauty muse surface addiction way fences love memory exterior industry borders person coins bronze touch,
ripped,165,jeans,130,jeans people explosion charges pages design time ones flv things ripped stories risk steelworkers single bits track criminal author paper understanding flooding toga claims communities videos illusion whirlwind lenses bubble product physique stomach green manager pieces game fisticuffs plot DVDs lawsuit incident arms one recipes trend power trees matter content images movies look format music signs hems repute fear lamps stub sides detail models VOB shirts tool level garbage scraped ab riffs water winglets corner knees shot mens body hands fleas excuse tornado fingernail vault gentleman sack tour straw rogues advisers educate TELEVISION screen limo tights corporation lining policy storm,
split,1337,ends,750,ends plan screening seat decision testing screen level system systems time peas design second ring rings units conditioning pot tendency schemes stock files conditioner river tests bet wish shot quantity fence way bedrooms face idea timing test circuit moment group seconds personality rail want . mold focus hoof shifts reason right sides plans win seatback pin option times virus floor percent data strength land conditioners decisions top seats coil work EP reasons fact need functionality interface load command one unit mode view regels intend e-mails leather entry tube resistance space sentence window remainder point team issues loom NOTE detail line,
germinated,6,seeds,4,seeds seed tombs 60s,
grown,1448,children,664,children ups plants food grapes men man foods varieties crops products fruits vegetables produce fruit ingredients plant daughters cells sons woman trees flowers business tree reason seeds kids company variety meat corn herbs seedlings aggregates apples . market veggies tomatoes leaves crop home composites potatoes cannabis olives grape time event combination hops roots wheat land characters years species bacteria one region Plants oxide dog beans movement fact people seed others strain aggregate world soil vines ones wines cotton surprise cultivar varietals hemp marijuana city daughter organic ideas size child those container platform gardens women shade veg oil rhizomes rice fan,
burned,330,calories,224,calories area fire areas acres skin animals groups home danger skins car parts structures rats rate body edges wildfire fuels materials patients family church fat figure charcoal counties hole books stores product oil holes CDs plastic wildfires advocate homes parish gases street increase down mansion exe ones country tons arm clothing sockets coal Calories men packages flesh images one charts staircase flame apartment facet iniquities culprits gunpowder destroyed watersheds career bridge film outlets condition injection vision bits eyes hurry leaf crushed playgrounds speed fog market milk way doll tumblers places industry address kilojoules art fact games coffee children taste discs,
torn,361,ACL,215,ACL ligaments meniscus leaves tendon labrum pieces country cartilage ligament pages tendons countries muscle papers sign piece clothing tissue paper jeans cuff man shirts families world basil layers hamstring hearts repair area time strips boy hole notes edges boots people tshirts muscles ripped fact city aorta heroine relation clothes staff map d.j. cut rooms fixtures trousers surgery lig tyranny bags conflicts noggin holes spies sheets sticker frames summary lanterns cause zombie leather scientists throat list souls barns fingernails veil cuticles snapshot screen community corpse opening tattoo kid picture fiber writes web prodigy biceps dragged soul esophagus region nation infection battle,
rotten,149,eggs,100,eggs apples smell wood food apple fruit tomatoes tree vegetables boards one parts pieces stuff scandal deal thing start pigs flavour fish bit ingredients night leaves dung mass job egg face seats branch branches turn boots dreams banana halfway inferiors ones borough county woman lie frame creatures teeth humans mood things attitude answers clique trash meat experience beams phrase mother boarding something parents coin tongue- preservers broken fruits stems stumps traitor trim ghouls condition slats seeds color bananas avocados disease medicine timber sailor version luck framing broomstick schools relationship someone wood-logs potatoes clothes skin toolboxes tuber spammer gas leaders teenager,
baked,1195,goods,345,goods beans potato bread potatoes cookies cakes breads treats crust chicken chips cheese pie pizza goodies dishes ziti recipe pizzas cake items products eggs scones ham fried biscuits buns spaghetti rolls apples wedges breast recipes oats pastries dough dish muffins cups apple donuts shell cookie fish sauce food treat cod tofu bean things fries desserts oysters finish olives snack oatmeal pies Cake egg onions ones good baguette flavor crisps foods loaf time peppers volunteers Parmesan salmon enchiladas sheet prepared bass blondies pastry rice tomatoes manicotti cheesecake cheeses kind coils day cross whorls features roll types snacks clay process chire thing,
melted,537,butter,155,butter chocolate cheese wax oil candy mixture sugar snow mozzarella cream fat plastic marshmallow pepper ice object goodness recipe material water marshmallows candies add Butter glaciers Mozzarella broken bubbling materials scrap end frosting wiring snowman limb chunks margarine lard time cheeses evidence salmon inches agar products steel pad sauce prevent Sprinkles makeup thing Tins measure ore tupperware microwave stirring place sort drizzle diplomat cubes sulphate shot chocolates toffees slices orchid honey sundae mass pico inch bar outlet eaten put reservations helicopter muenster baking heart caramels metals Milk scamorza cheddar whites wedges coating melts snowfall toys provolone wave milk lens ganache,
murdered,145,woman,104,woman man people journalist fact girl officer parents individuals criminal son daughter dog babies family women teams character police mother train allegations men priest sorcerer policemen females guys drifter tragedy mortuary queen deputy hero provocation coast man’s clues addition . slaves holocaust protest soldiers parliament teenager student wine enemy spirits critic guide station bet charges freshman magician information work whistleblower sister assassin child husband land writer fighter circumstances fields civilians worker headbands schoolboy teen surprise unit friend archbishop monsters substances incidents activist years mothers wife children rebels comedian tribulations state person staffer sergeant roommate countries athletes coach Israelis killers colonel,
swollen,168,feet,87,feet glands nodes gums eyes joints ankles area tongue creeks cheek river rivers nerve lips muscles face coffers legs wrinkled eye tissues skin knee lids clumps roots tender arses water part thumping contractures appearance throat neck ego plate knobs tip gods lump airways pasting lip toe ears base head bellies market waters spring gibbous brain hands thumb fingers pus pulp bags melons branching areas bodies caucus tree mouth mitochondria lakes hives abdomen spots mechanisms membranes cheeks finger magnitude tissue pouches discharge segment pieces floors uvula jaw belly,
killed,1092,people,574,people men man crash soldiers attack person officer officers children son attacks one shooting soldier accident members war bombing women fact animals fire victims gunman woman civilians guy explosion enemy child mother day bombings drivers bomb strike ones earthquake danger incident thing night wreck personnel youth time students member services journalist number dolphins disease case strikes mothers thousands passenger illness massacre families killed creature student daughter cells bullet terrorists cancer hall body island landslide militants pilot animal couple boss diseases bomber rhino friends market pandemic teenager church pilots raid killer artist girl agents disaster sense idea clashes species weapons detective,
boiled,334,eggs,139,eggs egg water potatoes rice potato meat seeds milk noodles spinach greens dinner steamed dressing shrimp goat breast frustration slices game bacon version cabbage brisket lollies Example vegetables wool asphalt nuggets . yams tap Ginger profit success cruise method tensions hair yolks reasons foam ones syrup watwr hominy roots state beef beets Potatoes yolk vegetable cubes raisins diet peanuts fried snails leather root marinade grain pumpkins feet hummus dishes bacteria cattle recipe carrots plants content mandioca washes title chicken pork Tuna dal dough peas broths form mash minutes beer fish effect getaways ‘taters leaves crab honey Spaghetti volleys teas services,
bent,305,position,231,position valves grass leg shaft knee member note greens metal tubing legs staff angles piece edges cops people posture backrest sign frame design shape lamination enemies notes man arms knees planks stifles part arm society rows individuals fan tracks beasts elbow rest tube elbows tubes feature chair raises words scissors party bumper armies woman claws handlebars wrists group government plate-glass issues representative antennas suitor aliens stick rollers raised edge figure ® view tenant fascism antennae madman persons toys shapes FLEXIBILITY photos galleries amends bones claim foot fold end paperclip contact pipe contexts defense shank steadiness information rims side agents door,
decayed,48,teeth,31,teeth wood area tooth term material tissue section part portions city portion kind limbs powder papers practice examples enamel broken tracheids samples states systems soil areas posts airport wounded paint fallen,
creased,16,covers,14,covers tablecloth condition ripped content fear flap hosiery muzzle toning shape brow pages Cover,
descended,66,day,64,day ascended Girls rushed tzadikim effort pastimes acknowledgement level hours conservationist strangers -chain cottages breeds heatwave years point peoples parade part creatures horse canaries subgroup comes turkeys eye responder vans citizen grandson test potency fact odor genealogy tradition states say foothills diseases location reasons sport speed clans flows families idea Thousands rally notion relatives chaos people family sound belief nymphs investors stairway property fire,
gained,935,knowledge,448,knowledge experience skills information insights benefits strokes reason advantages fact confidence time weight money points value insight pounds expertise wisdom point yards understanding strength advantage experiences results success achievement revenue opportunity way skill Experience performance students education recommendations discovery friendships amount Insights case company utility trust effect game rewards vehicle nations campaign monies products artist industry tip sets individuals proficiency event energy form heat man coverage reasons record projects beginning sector service tools reputation impression something practices interests momentum concern singer graduate profits action opportunities sensation years nature news benefit customer ideas radicalism process learnings wonder areas data lessons currency,
exited,26,entered,23,entered edge no-hitter smiles movement case admirers exhibition increased economy descended limbo reason grade authorities passenger veteran deputy driver radiation admission means types,
